method,k,users,seeds,precision_mean,recall_mean,ndcg_mean,hitrate_mean,mrr_mean
node2vec,10,5,3,0.013333333333333334,0.13333333333333333,0.07539531690476384,0.13333333333333333,0.05555555555555555
node2vec,50,5,3,0.016,0.8,0.22383740073052577,0.8,0.08736872806564276
node2vec,100,5,3,0.008,0.8,0.22383740073052577,0.8,0.08736872806564276
